old	new
pm0000_00_00_00_big.png	Pokemon-Egg.png
pm0001_00_00_00_big.png	Bulbasaur.png
pm0002_00_00_00_big.png	Ivysaur.png
pm0003_00_00_00_big.png	Venusaur.png
pm0003_01_00_00_big.png	Venusaur-f.png
pm0004_00_00_00_big.png	Charmander.png
pm0005_00_00_00_big.png	Charmeleon.png
pm0006_00_00_00_big.png	Charizard.png
pm0007_00_00_00_big.png	Squirtle.png
pm0008_00_00_00_big.png	Wartortle.png
pm0009_00_00_00_big.png	Blastoise.png
pm0023_00_00_00_big.png	Ekans.png
pm0024_00_00_00_big.png	Arbok.png
pm0025_00_00_00_big.png	Pikachu.png
pm0025_01_00_00_big.png	Pikachu-f.png
pm0025_11_00_00_big.png	Pikachu-Original.png
pm0025_12_00_00_big.png	Pikachu-Hoenn.png
pm0025_13_00_00_big.png	Pikachu-Sinnoh.png
pm0025_14_00_00_big.png	Pikachu-Unova.png
pm0025_15_00_00_big.png	Pikachu-Kalos.png
pm0025_16_00_00_big.png	Pikachu-Alola.png
pm0025_17_00_00_big.png	Pikachu-Partner.png
pm0025_18_00_00_big.png	Pikachu-World.png
pm0026_00_00_00_big.png	Raichu.png
pm0026_00_11_00_big.png	Raichu-Alola.png
pm0026_01_00_00_big.png	Raichu-f.png
pm0027_00_00_00_big.png	Sandshrew.png
pm0027_00_11_00_big.png	Sandshrew-Alola.png
pm0028_00_00_00_big.png	Sandslash.png
pm0028_00_11_00_big.png	Sandslash-Alola.png
pm0035_00_00_00_big.png	Clefairy.png
pm0036_00_00_00_big.png	Clefable.png
pm0037_00_00_00_big.png	Vulpix.png
pm0037_00_11_00_big.png	Vulpix-Alola.png
pm0038_00_00_00_big.png	Ninetales.png
pm0038_00_11_00_big.png	Ninetales-Alola.png
pm0039_00_00_00_big.png	Jigglypuff.png
pm0040_00_00_00_big.png	Wigglytuff.png
pm0043_00_00_00_big.png	Oddish.png
pm0044_00_00_00_big.png	Gloom.png
pm0044_01_00_00_big.png	Gloom-f.png
pm0045_00_00_00_big.png	Vileplume.png
pm0045_01_00_00_big.png	Vileplume-f.png
pm0048_00_00_00_big.png	Venonat.png
pm0049_00_00_00_big.png	Venomoth.png
pm0050_00_00_00_big.png	Diglett.png
pm0050_00_11_00_big.png	Diglett-Alola.png
pm0051_00_00_00_big.png	Dugtrio.png
pm0051_00_11_00_big.png	Dugtrio-Alola.png
pm0052_00_00_00_big.png	Meowth.png
pm0052_00_11_00_big.png	Meowth-Alola.png
pm0052_00_31_00_big.png	Meowth-Galar.png
pm0053_00_00_00_big.png	Persian.png
pm0053_00_11_00_big.png	Persian-Alola.png
pm0054_00_00_00_big.png	Psyduck.png
pm0055_00_00_00_big.png	Golduck.png
pm0056_00_00_00_big.png	Mankey.png
pm0057_00_00_00_big.png	Primeape.png
pm0058_00_00_00_big.png	Growlithe.png
pm0058_00_41_00_big.png	Growlithe-Hisui.png
pm0059_00_00_00_big.png	Arcanine.png
pm0059_00_41_00_big.png	Arcanine-Hisui.png
pm0060_00_00_00_big.png	Poliwag.png
pm0061_00_00_00_big.png	Poliwhirl.png
pm0062_00_00_00_big.png	Poliwrath.png
pm0069_00_00_00_big.png	Bellsprout.png
pm0070_00_00_00_big.png	Weepinbell.png
pm0071_00_00_00_big.png	Victreebel.png
pm0072_00_00_00_big.png	Tentacool.png
pm0073_00_00_00_big.png	Tentacruel.png
pm0074_00_00_00_big.png	Geodude.png
pm0074_00_11_00_big.png	Geodude-Alola.png
pm0075_00_00_00_big.png	Graveler.png
pm0075_00_11_00_big.png	Graveler-Alola.png
pm0076_00_00_00_big.png	Golem.png
pm0076_00_11_00_big.png	Golem-Alola.png
pm0079_00_00_00_big.png	Slowpoke.png
pm0079_00_31_00_big.png	Slowpoke-Galar.png
pm0080_00_00_00_big.png	Slowbro.png
pm0080_00_31_00_big.png	Slowbro-Galar.png
pm0081_00_00_00_big.png	Magnemite.png
pm0082_00_00_00_big.png	Magneton.png
pm0084_00_00_00_big.png	Doduo.png
pm0084_01_00_00_big.png	Doduo-f.png
pm0085_00_00_00_big.png	Dodrio.png
pm0085_01_00_00_big.png	Dodrio-f.png
pm0086_00_00_00_big.png	Seel.png
pm0087_00_00_00_big.png	Dewgong.png
pm0088_00_00_00_big.png	Grimer.png
pm0088_00_11_00_big.png	Grimer-Alola.png
pm0089_00_00_00_big.png	Muk.png
pm0089_00_11_00_big.png	Muk-Alola.png
pm0090_00_00_00_big.png	Shellder.png
pm0091_00_00_00_big.png	Cloyster.png
pm0092_00_00_00_big.png	Gastly.png
pm0093_00_00_00_big.png	Haunter.png
pm0094_00_00_00_big.png	Gengar.png
pm0096_00_00_00_big.png	Drowzee.png
pm0097_00_00_00_big.png	Hypno.png
pm0097_01_00_00_big.png	Hypno-f.png
pm0100_00_00_00_big.png	Voltorb.png
pm0100_00_41_00_big.png	Voltorb-Hisui.png
pm0101_00_00_00_big.png	Electrode.png
pm0101_00_41_00_big.png	Electrode-Hisui.png
pm0102_00_00_00_big.png	Exeggcute.png
pm0103_00_00_00_big.png	Exeggutor.png
pm0103_00_11_00_big.png	Exeggutor-Alola.png
pm0106_00_00_00_big.png	Hitmonlee.png
pm0107_00_00_00_big.png	Hitmonchan.png
pm0109_00_00_00_big.png	Koffing.png
pm0110_00_00_00_big.png	Weezing.png
pm0110_00_31_00_big.png	Weezing-Galar.png
pm0111_00_00_00_big.png	Rhyhorn.png
pm0111_01_00_00_big.png	Rhyhorn-f.png
pm0112_00_00_00_big.png	Rhydon.png
pm0112_01_00_00_big.png	Rhydon-f.png
pm0113_00_00_00_big.png	Chansey.png
pm0116_00_00_00_big.png	Horsea.png
pm0117_00_00_00_big.png	Seadra.png
pm0123_00_00_00_big.png	Scyther.png
pm0123_01_00_00_big.png	Scyther-f.png
pm0125_00_00_00_big.png	Electabuzz.png
pm0126_00_00_00_big.png	Magmar.png
pm0128_00_00_00_big.png	Tauros.png
pm0128_11_51_00_big.png	Tauros-Paldea-Combat.png
pm0128_12_51_00_big.png	Tauros-Paldea-Blaze.png
pm0128_13_51_00_big.png	Tauros-Paldea-Aqua.png
pm0129_00_00_00_big.png	Magikarp.png
pm0129_01_00_00_big.png	Magikarp-f.png
pm0130_00_00_00_big.png	Gyarados.png
pm0130_01_00_00_big.png	Gyarados-f.png
pm0131_00_00_00_big.png	Lapras.png
pm0132_00_00_00_big.png	Ditto.png
pm0133_00_00_00_big.png	Eevee.png
pm0133_01_00_00_big.png	Eevee-f.png
pm0134_00_00_00_big.png	Vaporeon.png
pm0135_00_00_00_big.png	Jolteon.png
pm0136_00_00_00_big.png	Flareon.png
pm0137_00_00_00_big.png	Porygon.png
pm0143_00_00_00_big.png	Snorlax.png
pm0144_00_00_00_big.png	Articuno.png
pm0144_00_31_00_big.png	Articuno-Galar.png
pm0145_00_00_00_big.png	Zapdos.png
pm0145_00_31_00_big.png	Zapdos-Galar.png
pm0146_00_00_00_big.png	Moltres.png
pm0146_00_31_00_big.png	Moltres-Galar.png
pm0147_00_00_00_big.png	Dratini.png
pm0148_00_00_00_big.png	Dragonair.png
pm0149_00_00_00_big.png	Dragonite.png
pm0150_00_00_00_big.png	Mewtwo.png
pm0151_00_00_00_big.png	Mew.png
pm0152_00_00_00_big.png	Chikorita.png
pm0153_00_00_00_big.png	Bayleef.png
pm0154_00_00_00_big.png	Meganium.png
pm0154_01_00_00_big.png	Meganium-f.png
pm0155_00_00_00_big.png	Cyndaquil.png
pm0156_00_00_00_big.png	Quilava.png
pm0157_00_00_00_big.png	Typhlosion.png
pm0157_00_41_00_big.png	Typhlosion-Hisui.png
pm0158_00_00_00_big.png	Totodile.png
pm0159_00_00_00_big.png	Croconaw.png
pm0160_00_00_00_big.png	Feraligatr.png
pm0161_00_00_00_big.png	Sentret.png
pm0162_00_00_00_big.png	Furret.png
pm0163_00_00_00_big.png	Hoothoot.png
pm0164_00_00_00_big.png	Noctowl.png
pm0167_00_00_00_big.png	Spinarak.png
pm0168_00_00_00_big.png	Ariados.png
pm0170_00_00_00_big.png	Chinchou.png
pm0171_00_00_00_big.png	Lanturn.png
pm0172_00_00_00_big.png	Pichu.png
pm0173_00_00_00_big.png	Cleffa.png
pm0174_00_00_00_big.png	Igglybuff.png
pm0179_00_00_00_big.png	Mareep.png
pm0180_00_00_00_big.png	Flaaffy.png
pm0181_00_00_00_big.png	Ampharos.png
pm0182_00_00_00_big.png	Bellossom.png
pm0183_00_00_00_big.png	Marill.png
pm0184_00_00_00_big.png	Azumarill.png
pm0185_00_00_00_big.png	Sudowoodo.png
pm0185_01_00_00_big.png	Sudowoodo-f.png
pm0186_00_00_00_big.png	Politoed.png
pm0186_01_00_00_big.png	Politoed-f.png
pm0187_00_00_00_big.png	Hoppip.png
pm0188_00_00_00_big.png	Skiploom.png
pm0189_00_00_00_big.png	Jumpluff.png
pm0190_00_00_00_big.png	Aipom.png
pm0190_01_00_00_big.png	Aipom-f.png
pm0191_00_00_00_big.png	Sunkern.png
pm0192_00_00_00_big.png	Sunflora.png
pm0193_00_00_00_big.png	Yanma.png
pm0194_00_00_00_big.png	Wooper.png
pm0194_00_51_00_big.png	Wooper-Paldea.png
pm0194_01_00_00_big.png	Wooper-f.png
pm0195_00_00_00_big.png	Quagsire.png
pm0195_01_00_00_big.png	Quagsire-f.png
pm0196_00_00_00_big.png	Espeon.png
pm0197_00_00_00_big.png	Umbreon.png
pm0198_00_00_00_big.png	Murkrow.png
pm0198_01_00_00_big.png	Murkrow-f.png
pm0199_00_00_00_big.png	Slowking.png
pm0199_00_31_00_big.png	Slowking-Galar.png
pm0200_00_00_00_big.png	Misdreavus.png
pm0203_00_00_00_big.png	Girafarig.png
pm0203_01_00_00_big.png	Girafarig-f.png
pm0204_00_00_00_big.png	Pineco.png
pm0205_00_00_00_big.png	Forretress.png
pm0206_00_00_00_big.png	Dunsparce.png
pm0207_00_00_00_big.png	Gligar.png
pm0207_01_00_00_big.png	Gligar-f.png
pm0209_00_00_00_big.png	Snubbull.png
pm0210_00_00_00_big.png	Granbull.png
pm0211_00_00_00_big.png	Qwilfish.png
pm0211_00_41_00_big.png	Qwilfish-Hisui.png
pm0212_00_00_00_big.png	Scizor.png
pm0212_01_00_00_big.png	Scizor-f.png
pm0214_00_00_00_big.png	Heracross.png
pm0214_01_00_00_big.png	Heracross-f.png
pm0215_00_00_00_big.png	Sneasel.png
pm0215_00_41_00_big.png	Sneasel-Hisui.png
pm0215_01_00_00_big.png	Sneasel-f.png
pm0215_01_41_00_big.png	Sneasel-Hisui-f.png
pm0216_00_00_00_big.png	Teddiursa.png
pm0217_00_00_00_big.png	Ursaring.png
pm0217_01_00_00_big.png	Ursaring-f.png
pm0218_00_00_00_big.png	Slugma.png
pm0219_00_00_00_big.png	Magcargo.png
pm0220_00_00_00_big.png	Swinub.png
pm0221_00_00_00_big.png	Piloswine.png
pm0221_01_00_00_big.png	Piloswine-f.png
pm0225_00_00_00_big.png	Delibird.png
pm0227_00_00_00_big.png	Skarmory.png
pm0228_00_00_00_big.png	Houndour.png
pm0229_00_00_00_big.png	Houndoom.png
pm0229_01_00_00_big.png	Houndoom-f.png
pm0230_00_00_00_big.png	Kingdra.png
pm0231_00_00_00_big.png	Phanpy.png
pm0232_00_00_00_big.png	Donphan.png
pm0232_01_00_00_big.png	Donphan-f.png
pm0233_00_00_00_big.png	Porygon2.png
pm0234_00_00_00_big.png	Stantler.png
pm0235_00_00_00_big.png	Smeargle.png
pm0236_00_00_00_big.png	Tyrogue.png
pm0237_00_00_00_big.png	Hitmontop.png
pm0239_00_00_00_big.png	Elekid.png
pm0240_00_00_00_big.png	Magby.png
pm0242_00_00_00_big.png	Blissey.png
pm0243_00_00_00_big.png	Raikou.png
pm0244_00_00_00_big.png	Entei.png
pm0245_00_00_00_big.png	Suicune.png
pm0246_00_00_00_big.png	Larvitar.png
pm0247_00_00_00_big.png	Pupitar.png
pm0248_00_00_00_big.png	Tyranitar.png
pm0249_00_00_00_big.png	Lugia.png
pm0250_00_00_00_big.png	Ho-Oh.png
pm0252_00_00_00_big.png	Treecko.png
pm0253_00_00_00_big.png	Grovyle.png
pm0254_00_00_00_big.png	Sceptile.png
pm0255_00_00_00_big.png	Torchic.png
pm0255_01_00_00_big.png	Torchic-f.png
pm0256_00_00_00_big.png	Combusken.png
pm0256_01_00_00_big.png	Combusken-f.png
pm0257_00_00_00_big.png	Blaziken.png
pm0257_01_00_00_big.png	Blaziken-f.png
pm0258_00_00_00_big.png	Mudkip.png
pm0259_00_00_00_big.png	Marshtomp.png
pm0260_00_00_00_big.png	Swampert.png
pm0261_00_00_00_big.png	Poochyena.png
pm0262_00_00_00_big.png	Mightyena.png
pm0270_00_00_00_big.png	Lotad.png
pm0271_00_00_00_big.png	Lombre.png
pm0272_00_00_00_big.png	Ludicolo.png
pm0272_01_00_00_big.png	Ludicolo-f.png
pm0273_00_00_00_big.png	Seedot.png
pm0274_00_00_00_big.png	Nuzleaf.png
pm0274_01_00_00_big.png	Nuzleaf-f.png
pm0275_00_00_00_big.png	Shiftry.png
pm0275_01_00_00_big.png	Shiftry-f.png
pm0278_00_00_00_big.png	Wingull.png
pm0279_00_00_00_big.png	Pelipper.png
pm0280_00_00_00_big.png	Ralts.png
pm0281_00_00_00_big.png	Kirlia.png
pm0282_00_00_00_big.png	Gardevoir.png
pm0283_00_00_00_big.png	Surskit.png
pm0284_00_00_00_big.png	Masquerain.png
pm0285_00_00_00_big.png	Shroomish.png
pm0286_00_00_00_big.png	Breloom.png
pm0287_00_00_00_big.png	Slakoth.png
pm0288_00_00_00_big.png	Vigoroth.png
pm0289_00_00_00_big.png	Slaking.png
pm0296_00_00_00_big.png	Makuhita.png
pm0297_00_00_00_big.png	Hariyama.png
pm0298_00_00_00_big.png	Azurill.png
pm0299_00_00_00_big.png	Nosepass.png
pm0302_00_00_00_big.png	Sableye.png
pm0307_00_00_00_big.png	Meditite.png
pm0307_01_00_00_big.png	Meditite-f.png
pm0308_00_00_00_big.png	Medicham.png
pm0308_01_00_00_big.png	Medicham-f.png
pm0311_00_00_00_big.png	Plusle.png
pm0312_00_00_00_big.png	Minun.png
pm0313_00_00_00_big.png	Volbeat.png
pm0314_00_00_00_big.png	Illumise.png
pm0316_00_00_00_big.png	Gulpin.png
pm0316_01_00_00_big.png	Gulpin-f.png
pm0317_00_00_00_big.png	Swalot.png
pm0317_01_00_00_big.png	Swalot-f.png
pm0322_00_00_00_big.png	Numel.png
pm0322_01_00_00_big.png	Numel-f.png
pm0323_00_00_00_big.png	Camerupt.png
pm0323_01_00_00_big.png	Camerupt-f.png
pm0324_00_00_00_big.png	Torkoal.png
pm0325_00_00_00_big.png	Spoink.png
pm0326_00_00_00_big.png	Grumpig.png
pm0328_00_00_00_big.png	Trapinch.png
pm0329_00_00_00_big.png	Vibrava.png
pm0330_00_00_00_big.png	Flygon.png
pm0331_00_00_00_big.png	Cacnea.png
pm0332_00_00_00_big.png	Cacturne.png
pm0332_01_00_00_big.png	Cacturne-f.png
pm0333_00_00_00_big.png	Swablu.png
pm0334_00_00_00_big.png	Altaria.png
pm0335_00_00_00_big.png	Zangoose.png
pm0336_00_00_00_big.png	Seviper.png
pm0339_00_00_00_big.png	Barboach.png
pm0340_00_00_00_big.png	Whiscash.png
pm0341_00_00_00_big.png	Corphish.png
pm0342_00_00_00_big.png	Crawdaunt.png
pm0349_00_00_00_big.png	Feebas.png
pm0350_00_00_00_big.png	Milotic.png
pm0350_01_00_00_big.png	Milotic-f.png
pm0353_00_00_00_big.png	Shuppet.png
pm0354_00_00_00_big.png	Banette.png
pm0355_00_00_00_big.png	Duskull.png
pm0356_00_00_00_big.png	Dusclops.png
pm0357_00_00_00_big.png	Tropius.png
pm0358_00_00_00_big.png	Chimecho.png
pm0361_00_00_00_big.png	Snorunt.png
pm0362_00_00_00_big.png	Glalie.png
pm0370_00_00_00_big.png	Luvdisc.png
pm0371_00_00_00_big.png	Bagon.png
pm0372_00_00_00_big.png	Shelgon.png
pm0373_00_00_00_big.png	Salamence.png
pm0374_00_00_00_big.png	Beldum.png
pm0375_00_00_00_big.png	Metang.png
pm0376_00_00_00_big.png	Metagross.png
pm0377_00_00_00_big.png	Regirock.png
pm0378_00_00_00_big.png	Regice.png
pm0379_00_00_00_big.png	Registeel.png
pm0380_00_00_00_big.png	Latias.png
pm0381_00_00_00_big.png	Latios.png
pm0382_00_00_00_big.png	Kyogre.png
pm0383_00_00_00_big.png	Groudon.png
pm0384_00_00_00_big.png	Rayquaza.png
pm0385_00_00_00_big.png	Jirachi.png
pm0386_11_00_00_big.png	Deoxys.png
pm0386_12_00_00_big.png	Deoxys-Attack.png
pm0386_13_00_00_big.png	Deoxys-Defense.png
pm0386_14_00_00_big.png	Deoxys-Speed.png
pm0387_00_00_00_big.png	Turtwig.png
pm0388_00_00_00_big.png	Grotle.png
pm0389_00_00_00_big.png	Torterra.png
pm0390_00_00_00_big.png	Chimchar.png
pm0391_00_00_00_big.png	Monferno.png
pm0392_00_00_00_big.png	Infernape.png
pm0393_00_00_00_big.png	Piplup.png
pm0394_00_00_00_big.png	Prinplup.png
pm0395_00_00_00_big.png	Empoleon.png
pm0396_00_00_00_big.png	Starly.png
pm0396_01_00_00_big.png	Starly-f.png
pm0397_00_00_00_big.png	Staravia.png
pm0397_01_00_00_big.png	Staravia-f.png
pm0398_00_00_00_big.png	Staraptor.png
pm0398_01_00_00_big.png	Staraptor-f.png
pm0401_00_00_00_big.png	Kricketot.png
pm0401_01_00_00_big.png	Kricketot-f.png
pm0402_00_00_00_big.png	Kricketune.png
pm0402_01_00_00_big.png	Kricketune-f.png
pm0403_00_00_00_big.png	Shinx.png
pm0403_01_00_00_big.png	Shinx-f.png
pm0404_00_00_00_big.png	Luxio.png
pm0404_01_00_00_big.png	Luxio-f.png
pm0405_00_00_00_big.png	Luxray.png
pm0405_01_00_00_big.png	Luxray-f.png
pm0408_00_00_00_big.png	Cranidos.png
pm0409_00_00_00_big.png	Rampardos.png
pm0410_00_00_00_big.png	Shieldon.png
pm0411_00_00_00_big.png	Bastiodon.png
pm0415_00_00_00_big.png	Combee.png
pm0415_01_00_00_big.png	Combee-f.png
pm0416_00_00_00_big.png	Vespiquen.png
pm0417_00_00_00_big.png	Pachirisu.png
pm0417_01_00_00_big.png	Pachirisu-f.png
pm0418_00_00_00_big.png	Buizel.png
pm0418_01_00_00_big.png	Buizel-f.png
pm0419_00_00_00_big.png	Floatzel.png
pm0419_01_00_00_big.png	Floatzel-f.png
pm0422_11_00_00_big.png	Shellos.png
pm0422_12_00_00_big.png	Shellos-East.png
pm0423_11_00_00_big.png	Gastrodon.png
pm0423_12_00_00_big.png	Gastrodon-East.png
pm0424_00_00_00_big.png	Ambipom.png
pm0424_01_00_00_big.png	Ambipom-f.png
pm0425_00_00_00_big.png	Drifloon.png
pm0426_00_00_00_big.png	Drifblim.png
pm0429_00_00_00_big.png	Mismagius.png
pm0430_00_00_00_big.png	Honchkrow.png
pm0433_00_00_00_big.png	Chingling.png
pm0434_00_00_00_big.png	Stunky.png
pm0435_00_00_00_big.png	Skuntank.png
pm0436_00_00_00_big.png	Bronzor.png
pm0437_00_00_00_big.png	Bronzong.png
pm0438_00_00_00_big.png	Bonsly.png
pm0440_00_00_00_big.png	Happiny.png
pm0442_00_00_00_big.png	Spiritomb.png
pm0443_00_00_00_big.png	Gible.png
pm0443_01_00_00_big.png	Gible-f.png
pm0444_00_00_00_big.png	Gabite.png
pm0444_01_00_00_big.png	Gabite-f.png
pm0445_00_00_00_big.png	Garchomp.png
pm0445_01_00_00_big.png	Garchomp-f.png
pm0446_00_00_00_big.png	Munchlax.png
pm0447_00_00_00_big.png	Riolu.png
pm0448_00_00_00_big.png	Lucario.png
pm0449_00_00_00_big.png	Hippopotas.png
pm0449_01_00_00_big.png	Hippopotas-f.png
pm0450_00_00_00_big.png	Hippowdon.png
pm0450_01_00_00_big.png	Hippowdon-f.png
pm0453_00_00_00_big.png	Croagunk.png
pm0453_01_00_00_big.png	Croagunk-f.png
pm0454_00_00_00_big.png	Toxicroak.png
pm0454_01_00_00_big.png	Toxicroak-f.png
pm0456_00_00_00_big.png	Finneon.png
pm0456_01_00_00_big.png	Finneon-f.png
pm0457_00_00_00_big.png	Lumineon.png
pm0457_01_00_00_big.png	Lumineon-f.png
pm0459_00_00_00_big.png	Snover.png
pm0459_01_00_00_big.png	Snover-f.png
pm0460_00_00_00_big.png	Abomasnow.png
pm0460_01_00_00_big.png	Abomasnow-f.png
pm0461_00_00_00_big.png	Weavile.png
pm0461_01_00_00_big.png	Weavile-f.png
pm0462_00_00_00_big.png	Magnezone.png
pm0464_00_00_00_big.png	Rhyperior.png
pm0464_01_00_00_big.png	Rhyperior-f.png
pm0466_00_00_00_big.png	Electivire.png
pm0467_00_00_00_big.png	Magmortar.png
pm0469_00_00_00_big.png	Yanmega.png
pm0470_00_00_00_big.png	Leafeon.png
pm0471_00_00_00_big.png	Glaceon.png
pm0472_00_00_00_big.png	Gliscor.png
pm0473_00_00_00_big.png	Mamoswine.png
pm0473_01_00_00_big.png	Mamoswine-f.png
pm0474_00_00_00_big.png	Porygon-Z.png
pm0475_00_00_00_big.png	Gallade.png
pm0476_00_00_00_big.png	Probopass.png
pm0477_00_00_00_big.png	Dusknoir.png
pm0478_00_00_00_big.png	Froslass.png
pm0479_11_00_00_big.png	Rotom.png
pm0479_12_00_00_big.png	Rotom-Heat.png
pm0479_13_00_00_big.png	Rotom-Wash.png
pm0479_14_00_00_big.png	Rotom-Frost.png
pm0479_15_00_00_big.png	Rotom-Fan.png
pm0479_16_00_00_big.png	Rotom-Mow.png
pm0480_00_00_00_big.png	Uxie.png
pm0481_00_00_00_big.png	Mesprit.png
pm0482_00_00_00_big.png	Azelf.png
pm0483_11_00_00_big.png	Dialga.png
pm0483_12_00_00_big.png	Dialga-Origin.png
pm0484_11_00_00_big.png	Palkia.png
pm0484_12_00_00_big.png	Palkia-Origin.png
pm0485_00_00_00_big.png	Heatran.png
pm0486_00_00_00_big.png	Regigigas.png
pm0487_11_00_00_big.png	Giratina.png
pm0487_12_00_00_big.png	Giratina-Origin.png
pm0488_00_00_00_big.png	Cresselia.png
pm0489_00_00_00_big.png	Phione.png
pm0490_00_00_00_big.png	Manaphy.png
pm0491_00_00_00_big.png	Darkrai.png
pm0492_11_00_00_big.png	Shaymin.png
pm0492_12_00_00_big.png	Shaymin-Sky.png
pm0493_11_00_00_big.png	Arceus.png
pm0493_11_00_01_big.png	Arceus-Fighting.png
pm0493_11_00_02_big.png	Arceus-Flying.png
pm0493_11_00_03_big.png	Arceus-Poison.png
pm0493_11_00_04_big.png	Arceus-Ground.png
pm0493_11_00_05_big.png	Arceus-Rock.png
pm0493_11_00_06_big.png	Arceus-Bug.png
pm0493_11_00_07_big.png	Arceus-Ghost.png
pm0493_11_00_08_big.png	Arceus-Steel.png
pm0493_11_00_09_big.png	Arceus-Fire.png
pm0493_11_00_10_big.png	Arceus-Water.png
pm0493_11_00_11_big.png	Arceus-Grass.png
pm0493_11_00_12_big.png	Arceus-Electric.png
pm0493_11_00_13_big.png	Arceus-Psychic.png
pm0493_11_00_14_big.png	Arceus-Ice.png
pm0493_11_00_15_big.png	Arceus-Dragon.png
pm0493_11_00_16_big.png	Arceus-Dark.png
pm0493_11_00_17_big.png	Arceus-Fairy.png
pm0495_00_00_00_big.png	Snivy.png
pm0496_00_00_00_big.png	Servine.png
pm0497_00_00_00_big.png	Serperior.png
pm0498_00_00_00_big.png	Tepig.png
pm0499_00_00_00_big.png	Pignite.png
pm0500_00_00_00_big.png	Emboar.png
pm0501_00_00_00_big.png	Oshawott.png
pm0502_00_00_00_big.png	Dewott.png
pm0503_00_00_00_big.png	Samurott.png
pm0503_00_41_00_big.png	Samurott-Hisui.png
pm0522_00_00_00_big.png	Blitzle.png
pm0523_00_00_00_big.png	Zebstrika.png
pm0529_00_00_00_big.png	Drilbur.png
pm0530_00_00_00_big.png	Excadrill.png
pm0532_00_00_00_big.png	Timburr.png
pm0533_00_00_00_big.png	Gurdurr.png
pm0534_00_00_00_big.png	Conkeldurr.png
pm0540_00_00_00_big.png	Sewaddle.png
pm0541_00_00_00_big.png	Swadloon.png
pm0542_00_00_00_big.png	Leavanny.png
pm0546_00_00_00_big.png	Cottonee.png
pm0547_00_00_00_big.png	Whimsicott.png
pm0548_00_00_00_big.png	Petilil.png
pm0549_00_00_00_big.png	Lilligant.png
pm0549_00_41_00_big.png	Lilligant-Hisui.png
pm0550_00_41_00_big.png	Basculin-White-Striped.png
pm0550_11_00_00_big.png	Basculin.png
pm0550_12_00_00_big.png	Basculin-Blue-Striped.png
pm0551_00_00_00_big.png	Sandile.png
pm0552_00_00_00_big.png	Krokorok.png
pm0553_00_00_00_big.png	Krookodile.png
pm0559_00_00_00_big.png	Scraggy.png
pm0560_00_00_00_big.png	Scrafty.png
pm0570_00_00_00_big.png	Zorua.png
pm0570_00_41_00_big.png	Zorua-Hisui.png
pm0571_00_00_00_big.png	Zoroark.png
pm0571_00_41_00_big.png	Zoroark-Hisui.png
pm0572_00_00_00_big.png	Minccino.png
pm0573_00_00_00_big.png	Cinccino.png
pm0574_00_00_00_big.png	Gothita.png
pm0575_00_00_00_big.png	Gothorita.png
pm0576_00_00_00_big.png	Gothitelle.png
pm0577_00_00_00_big.png	Solosis.png
pm0578_00_00_00_big.png	Duosion.png
pm0579_00_00_00_big.png	Reuniclus.png
pm0580_00_00_00_big.png	Ducklett.png
pm0581_00_00_00_big.png	Swanna.png
pm0585_11_00_00_big.png	Deerling.png
pm0585_12_00_00_big.png	Deerling-Summer.png
pm0585_13_00_00_big.png	Deerling-Autumn.png
pm0585_14_00_00_big.png	Deerling-Winter.png
pm0586_11_00_00_big.png	Sawsbuck.png
pm0586_12_00_00_big.png	Sawsbuck-Summer.png
pm0586_13_00_00_big.png	Sawsbuck-Autumn.png
pm0586_14_00_00_big.png	Sawsbuck-Winter.png
pm0590_00_00_00_big.png	Foongus.png
pm0591_00_00_00_big.png	Amoonguss.png
pm0594_00_00_00_big.png	Alomomola.png
pm0595_00_00_00_big.png	Joltik.png
pm0596_00_00_00_big.png	Galvantula.png
pm0602_00_00_00_big.png	Tynamo.png
pm0603_00_00_00_big.png	Eelektrik.png
pm0604_00_00_00_big.png	Eelektross.png
pm0607_00_00_00_big.png	Litwick.png
pm0608_00_00_00_big.png	Lampent.png
pm0609_00_00_00_big.png	Chandelure.png
pm0610_00_00_00_big.png	Axew.png
pm0611_00_00_00_big.png	Fraxure.png
pm0612_00_00_00_big.png	Haxorus.png
pm0613_00_00_00_big.png	Cubchoo.png
pm0614_00_00_00_big.png	Beartic.png
pm0615_00_00_00_big.png	Cryogonal.png
pm0619_00_00_00_big.png	Mienfoo.png
pm0620_00_00_00_big.png	Mienshao.png
pm0622_00_00_00_big.png	Golett.png
pm0623_00_00_00_big.png	Golurk.png
pm0624_00_00_00_big.png	Pawniard.png
pm0625_00_00_00_big.png	Bisharp.png
pm0627_00_00_00_big.png	Rufflet.png
pm0628_00_00_00_big.png	Braviary.png
pm0628_00_41_00_big.png	Braviary-Hisui.png
pm0629_00_00_00_big.png	Vullaby.png
pm0630_00_00_00_big.png	Mandibuzz.png
pm0633_00_00_00_big.png	Deino.png
pm0634_00_00_00_big.png	Zweilous.png
pm0635_00_00_00_big.png	Hydreigon.png
pm0636_00_00_00_big.png	Larvesta.png
pm0637_00_00_00_big.png	Volcarona.png
pm0638_00_00_00_big.png	Cobalion.png
pm0639_00_00_00_big.png	Terrakion.png
pm0640_00_00_00_big.png	Virizion.png
pm0641_11_00_00_big.png	Tornadus.png
pm0641_12_00_00_big.png	Tornadus-Therian.png
pm0642_11_00_00_big.png	Thundurus.png
pm0642_12_00_00_big.png	Thundurus-Therian.png
pm0643_00_00_00_big.png	Reshiram.png
pm0644_00_00_00_big.png	Zekrom.png
pm0645_11_00_00_big.png	Landorus.png
pm0645_12_00_00_big.png	Landorus-Therian.png
pm0646_11_00_00_big.png	Kyurem.png
pm0646_12_00_00_big.png	Kyurem-White.png
pm0646_13_00_00_big.png	Kyurem-Black.png
pm0647_11_00_00_big.png	Keldeo.png
pm0647_12_00_00_big.png	Keldeo-Resolute.png
pm0648_11_00_00_big.png	Meloetta.png
pm0648_12_00_00_big.png	Meloetta-Pirouette.png
pm0702_00_00_00_big.png	Phantump.png
pm0703_00_00_00_big.png	Trevenant.png
pm0704_00_00_00_big.png	Litleo.png
pm0705_00_00_00_big.png	Pyroar.png
pm0705_01_00_00_big.png	Pyroar-f.png
pm0706_00_00_00_big.png	Scatterbug.png
pm0707_00_00_00_big.png	Spewpa.png
pm0708_11_00_00_big.png	Vivillon-Icy-Snow.png
pm0708_12_00_00_big.png	Vivillon-Polar.png
pm0708_13_00_00_big.png	Vivillon-Tundra.png
pm0708_14_00_00_big.png	Vivillon-Continental.png
pm0708_15_00_00_big.png	Vivillon-Garden.png
pm0708_16_00_00_big.png	Vivillon-Elegant.png
pm0708_17_00_00_big.png	Vivillon.png
pm0708_18_00_00_big.png	Vivillon-Modern.png
pm0708_19_00_00_big.png	Vivillon-Marine.png
pm0708_20_00_00_big.png	Vivillon-Archipelago.png
pm0708_21_00_00_big.png	Vivillon-High-Plains.png
pm0708_22_00_00_big.png	Vivillon-Sandstorm.png
pm0708_23_00_00_big.png	Vivillon-River.png
pm0708_24_00_00_big.png	Vivillon-Monsoon.png
pm0708_25_00_00_big.png	Vivillon-Savanna.png
pm0708_26_00_00_big.png	Vivillon-Sun.png
pm0708_27_00_00_big.png	Vivillon-Ocean.png
pm0708_28_00_00_big.png	Vivillon-Jungle.png
pm0708_29_00_00_big.png	Vivillon-Fancy.png
pm0708_30_00_00_big.png	Vivillon-Pokeball.png
pm0709_00_00_00_big.png	Skrelp.png
pm0710_00_00_00_big.png	Dragalge.png
pm0713_11_00_00_big.png	Flabe-be.png
pm0713_12_00_00_big.png	Flabe-be-Yellow.png
pm0713_13_00_00_big.png	Flabe-be-Orange.png
pm0713_14_00_00_big.png	Flabe-be-Blue.png
pm0713_15_00_00_big.png	Flabe-be-White.png
pm0714_11_00_00_big.png	Floette.png
pm0714_12_00_00_big.png	Floette-Yellow.png
pm0714_13_00_00_big.png	Floette-Orange.png
pm0714_14_00_00_big.png	Floette-Blue.png
pm0714_15_00_00_big.png	Floette-White.png
pm0715_11_00_00_big.png	Florges.png
pm0715_12_00_00_big.png	Florges-Yellow.png
pm0715_13_00_00_big.png	Florges-Orange.png
pm0715_14_00_00_big.png	Florges-Blue.png
pm0715_15_00_00_big.png	Florges-White.png
pm0716_00_00_00_big.png	Noibat.png
pm0717_00_00_00_big.png	Fennekin.png
pm0718_00_00_00_big.png	Braixen.png
pm0719_00_00_00_big.png	Delphox.png
pm0720_00_00_00_big.png	Chespin.png
pm0721_00_00_00_big.png	Quilladin.png
pm0722_00_00_00_big.png	Chesnaught.png
pm0723_00_00_00_big.png	Froakie.png
pm0724_00_00_00_big.png	Frogadier.png
pm0725_11_00_00_big.png	Greninja.png
pm0726_00_00_00_big.png	Inkay.png
pm0727_00_00_00_big.png	Malamar.png
pm0728_00_00_00_big.png	Skiddo.png
pm0729_00_00_00_big.png	Gogoat.png
pm0733_00_00_00_big.png	Espurr.png
pm0734_00_00_00_big.png	Meowstic.png
pm0734_01_00_00_big.png	Meowstic-F.png
pm0741_00_00_00_big.png	Dedenne.png
pm0749_00_00_00_big.png	Bergmite.png
pm0751_00_00_00_big.png	Avalugg.png
pm0751_00_41_00_big.png	Avalugg-Hisui.png
pm0753_00_00_00_big.png	Fletchling.png
pm0754_00_00_00_big.png	Fletchinder.png
pm0755_00_00_00_big.png	Talonflame.png
pm0756_00_00_00_big.png	Clauncher.png
pm0757_00_00_00_big.png	Clawitzer.png
pm0760_00_00_00_big.png	Klefki.png
pm0761_00_00_00_big.png	Hawlucha.png
pm0762_00_00_00_big.png	Noivern.png
pm0763_00_00_00_big.png	Goomy.png
pm0764_00_00_00_big.png	Sliggoo.png
pm0764_00_41_00_big.png	Sliggoo-Hisui.png
pm0765_00_00_00_big.png	Goodra.png
pm0765_00_41_00_big.png	Goodra-Hisui.png
pm0766_00_00_00_big.png	Carbink.png
pm0767_00_00_00_big.png	Sylveon.png
pm0772_00_00_00_big.png	Diancie.png
pm0773_00_00_00_big.png	Volcanion.png
pm0774_11_00_00_big.png	Hoopa.png
pm0774_12_00_00_big.png	Hoopa-Unbound.png
pm0801_00_00_00_big.png	Mareanie.png
pm0802_00_00_00_big.png	Toxapex.png
pm0805_00_00_00_big.png	Salandit.png
pm0806_00_00_00_big.png	Salazzle.png
pm0807_00_00_00_big.png	Pikipek.png
pm0808_00_00_00_big.png	Trumbeak.png
pm0809_00_00_00_big.png	Toucannon.png
pm0810_00_00_00_big.png	Oranguru.png
pm0811_00_00_00_big.png	Komala.png
pm0812_00_00_00_big.png	Bounsweet.png
pm0813_00_00_00_big.png	Steenee.png
pm0814_00_00_00_big.png	Tsareena.png
pm0815_00_00_00_big.png	Passimian.png
pm0816_00_00_00_big.png	Jangmo-o.png
pm0817_00_00_00_big.png	Hakamo-o.png
pm0818_00_00_00_big.png	Kommo-o.png
pm0819_11_00_00_big.png	Mimikyu-Disguised.png
pm0819_12_00_00_big.png	Mimikyu-Busted.png
pm0822_00_00_00_big.png	Sandygast.png
pm0823_00_00_00_big.png	Palossand.png
pm0824_11_00_00_big.png	Minior-Meteor-Red.png
pm0824_11_00_01_big.png	Minior-Meteor-Orange.png
pm0824_11_00_02_big.png	Minior-Meteor-Yellow.png
pm0824_11_00_03_big.png	Minior-Meteor-Green.png
pm0824_11_00_04_big.png	Minior-Meteor-Blue.png
pm0824_11_00_05_big.png	Minior-Meteor-Indigo.png
pm0824_11_00_06_big.png	Minior-Meteor-Violet.png
pm0824_12_00_00_big.png	Minior-Core-Red.png
pm0824_12_00_01_big.png	Minior-Core-Orange.png
pm0824_12_00_02_big.png	Minior-Core-Yellow.png
pm0824_12_00_03_big.png	Minior-Core-Green.png
pm0824_12_00_04_big.png	Minior-Core-Blue.png
pm0824_12_00_05_big.png	Minior-Core-Indigo.png
pm0824_12_00_06_big.png	Minior-Core-Violet.png
pm0825_11_00_00_big.png	Oricorio.png
pm0825_12_00_00_big.png	Oricorio-Pom-Pom.png
pm0825_13_00_00_big.png	Oricorio-Pau.png
pm0825_14_00_00_big.png	Oricorio-Sensu.png
pm0826_00_00_00_big.png	Yungoos.png
pm0827_00_00_00_big.png	Gumshoos.png
pm0828_00_00_00_big.png	Rockruff.png
pm0829_11_00_00_big.png	Lycanroc.png
pm0829_12_00_00_big.png	Lycanroc-Midnight.png
pm0829_13_00_00_big.png	Lycanroc-Dusk.png
pm0834_00_00_00_big.png	Cutiefly.png
pm0835_00_00_00_big.png	Ribombee.png
pm0836_00_00_00_big.png	Grubbin.png
pm0837_00_00_00_big.png	Charjabug.png
pm0838_00_00_00_big.png	Vikavolt.png
pm0839_00_00_00_big.png	Mudbray.png
pm0840_00_00_00_big.png	Mudsdale.png
pm0841_00_00_00_big.png	Rowlet.png
pm0842_00_00_00_big.png	Dartrix.png
pm0843_00_00_00_big.png	Decidueye.png
pm0843_00_41_00_big.png	Decidueye-Hisui.png
pm0844_00_00_00_big.png	Litten.png
pm0845_00_00_00_big.png	Torracat.png
pm0846_00_00_00_big.png	Incineroar.png
pm0847_00_00_00_big.png	Popplio.png
pm0848_00_00_00_big.png	Brionne.png
pm0849_00_00_00_big.png	Primarina.png
pm0850_00_00_00_big.png	Dewpider.png
pm0851_00_00_00_big.png	Araquanid.png
pm0855_00_00_00_big.png	Bruxish.png
pm0859_00_00_00_big.png	Crabrawler.png
pm0860_00_00_00_big.png	Crabominable.png
pm0863_00_00_00_big.png	Comfey.png
pm0865_11_00_00_big.png	Necrozma.png
pm0865_12_00_00_big.png	Necrozma-Dusk-Mane.png
pm0865_13_00_00_big.png	Necrozma-Dawn-Wings.png
pm0868_00_00_00_big.png	Fomantis.png
pm0869_00_00_00_big.png	Lurantis.png
pm0871_00_00_00_big.png	Cosmog.png
pm0872_00_00_00_big.png	Cosmoem.png
pm0873_00_00_00_big.png	Solgaleo.png
pm0874_00_00_00_big.png	Lunala.png
pm0882_11_00_00_big.png	Magearna.png
pm0882_12_00_00_big.png	Magearna-Original.png
pm0903_00_00_00_big.png	Chewtle.png
pm0904_00_00_00_big.png	Drednaw.png
pm0909_00_00_00_big.png	Skwovet.png
pm0910_00_00_00_big.png	Greedent.png
pm0913_00_00_00_big.png	Arrokuda.png
pm0914_00_00_00_big.png	Barraskewda.png
pm0917_11_00_00_big.png	Cramorant.png
pm0917_12_00_00_big.png	Cramorant-Gulping.png
pm0917_13_00_00_big.png	Cramorant-Gorging.png
pm0918_00_00_00_big.png	Rookidee.png
pm0919_00_00_00_big.png	Corvisquire.png
pm0920_00_00_00_big.png	Corviknight.png
pm0921_00_00_00_big.png	Toxel.png
pm0922_11_00_00_big.png	Toxtricity.png
pm0922_12_00_00_big.png	Toxtricity-Low-Key.png
pm0923_00_00_00_big.png	Falinks.png
pm0924_00_00_00_big.png	Milcery.png
pm0925_11_00_00_big.png	Alcremie.png
pm0925_12_00_00_big.png	Alcremie-Ruby-Cream.png
pm0925_13_00_00_big.png	Alcremie-Matcha-Cream.png
pm0925_14_00_00_big.png	Alcremie-Mint-Cream.png
pm0925_15_00_00_big.png	Alcremie-Lemon-Cream.png
pm0925_16_00_00_big.png	Alcremie-Salted-Cream.png
pm0925_17_00_00_big.png	Alcremie-Ruby-Swirl.png
pm0925_18_00_00_big.png	Alcremie-Caramel-Swirl.png
pm0925_19_00_00_big.png	Alcremie-Rainbow-Swirl.png
pm0926_00_00_00_big.png	Cufant.png
pm0927_00_00_00_big.png	Copperajah.png
pm0929_00_00_00_big.png	Duraludon.png
pm0933_00_00_00_big.png	Rolycoly.png
pm0934_00_00_00_big.png	Carkol.png
pm0935_00_00_00_big.png	Coalossal.png
pm0936_00_00_00_big.png	Silicobra.png
pm0937_00_00_00_big.png	Sandaconda.png
pm0938_11_00_00_big.png	Zacian.png
pm0938_12_00_00_big.png	Zacian-Crowned.png
pm0939_11_00_00_big.png	Zamazenta.png
pm0939_12_00_00_big.png	Zamazenta-Crowned.png
pm0940_00_00_00_big.png	Eternatus-Eternamax.png
pm0941_11_00_00_big.png	Morpeko.png
pm0941_12_00_00_big.png	Morpeko-Hangry.png
pm0942_00_00_00_big.png	Indeedee.png
pm0942_01_00_00_big.png	Indeedee-F.png
pm0943_00_31_00_big.png	Perrserker.png
pm0944_00_00_00_big.png	Pincurchin.png
pm0945_00_00_00_big.png	Snom.png
pm0946_00_00_00_big.png	Frosmoth.png
pm0948_00_00_00_big.png	Grookey.png
pm0949_00_00_00_big.png	Thwackey.png
pm0950_00_00_00_big.png	Rillaboom.png
pm0951_00_00_00_big.png	Sobble.png
pm0952_00_00_00_big.png	Drizzile.png
pm0953_00_00_00_big.png	Inteleon.png
pm0954_00_00_00_big.png	Scorbunny.png
pm0955_00_00_00_big.png	Raboot.png
pm0956_00_00_00_big.png	Cinderace.png
pm0957_00_00_00_big.png	Impidimp.png
pm0958_00_00_00_big.png	Morgrem.png
pm0959_00_00_00_big.png	Grimmsnarl.png
pm0966_00_00_00_big.png	Applin.png
pm0967_00_00_00_big.png	Flapple.png
pm0968_00_00_00_big.png	Appletun.png
pm0969_00_00_00_big.png	Hatenna.png
pm0970_00_00_00_big.png	Hattrem.png
pm0971_00_00_00_big.png	Hatterene.png
pm0972_11_00_00_big.png	Sinistea-Phony.png
pm0972_12_00_00_big.png	Sinistea-Antique.png
pm0973_11_00_00_big.png	Polteageist-Phony.png
pm0973_12_00_00_big.png	Polteageist-Antique.png
pm0974_00_00_00_big.png	Stonjourner.png
pm0975_11_00_00_big.png	Eiscue.png
pm0975_12_00_00_big.png	Eiscue-Noice.png
pm0976_00_00_00_big.png	Dreepy.png
pm0977_00_00_00_big.png	Drakloak.png
pm0978_00_00_00_big.png	Dragapult.png
pm0982_00_00_00_big.png	Kubfu.png
pm0983_11_00_00_big.png	Urshifu-Single-Strike.png
pm0983_12_00_00_big.png	Urshifu-Rapid-Strike.png
pm0984_00_00_00_big.png	Glastrier.png
pm0985_00_00_00_big.png	Spectrier.png
pm0986_11_00_00_big.png	Calyrex.png
pm0986_12_00_00_big.png	Calyrex-Ice.png
pm0986_13_00_00_big.png	Calyrex-Shadow.png
pm0988_11_00_00_big.png	Zarude.png
pm0988_12_00_00_big.png	Zarude-Dada.png
pm0989_00_00_00_big.png	Regieleki.png
pm0990_00_00_00_big.png	Regidrago.png
pm1001_00_00_00_big.png	Wyrdeer.png
pm1002_00_00_00_big.png	Kleavor.png
pm1003_00_41_00_big.png	Sneasler.png
pm1004_11_00_00_big.png	Enamorus.png
pm1004_12_00_00_big.png	Enamorus-Therian.png
pm1005_00_41_00_big.png	Overqwil.png
pm1006_11_41_00_big.png	Basculegion.png
pm1006_12_41_00_big.png	Basculegion-F.png
pm1007_00_00_00_big.png	Ursaluna.png
pm1007_11_00_00_big.png	Ursaluna-Bloodmoon.png
pm1010_00_00_00_big.png	Sprigatito.png
pm1011_00_00_00_big.png	Floragato.png
pm1012_00_00_00_big.png	Meowscarada.png
pm1013_00_00_00_big.png	Fuecoco.png
pm1014_00_00_00_big.png	Crocalor.png
pm1015_00_00_00_big.png	Skeledirge.png
pm1016_00_00_00_big.png	Quaxly.png
pm1017_00_00_00_big.png	Quaxwell.png
pm1018_00_00_00_big.png	Quaquaval.png
pm1019_00_00_00_big.png	Lechonk.png
pm1020_00_00_00_big.png	Oinkologne.png
pm1020_01_00_00_big.png	Oinkologne-F.png
pm1021_11_00_00_big.png	Dudunsparce-Two-Segment.png
pm1021_12_00_00_big.png	Dudunsparce-Three-Segment.png
pm1022_00_00_00_big.png	Tarountula.png
pm1023_00_00_00_big.png	Spidops.png
pm1024_00_00_00_big.png	Nymble.png
pm1025_00_00_00_big.png	Lokix.png
pm1026_00_00_00_big.png	Rellor.png
pm1027_00_00_00_big.png	Rabsca.png
pm1028_00_00_00_big.png	Greavard.png
pm1029_00_00_00_big.png	Houndstone.png
pm1030_00_00_00_big.png	Flittle.png
pm1031_00_00_00_big.png	Espathra.png
pm1032_00_00_00_big.png	Farigiraf.png
pm1033_00_00_00_big.png	Wiglett.png
pm1034_00_00_00_big.png	Wugtrio.png
pm1035_00_00_00_big.png	Dondozo.png
pm1036_00_00_00_big.png	Veluza.png
pm1037_00_00_00_big.png	Finizen.png
pm1038_11_00_00_big.png	Palafin.png
pm1038_12_00_00_big.png	Palafin-Hero.png
pm1039_00_00_00_big.png	Smoliv.png
pm1040_00_00_00_big.png	Dolliv.png
pm1041_00_00_00_big.png	Arboliva.png
pm1042_00_00_00_big.png	Capsakid.png
pm1043_00_00_00_big.png	Scovillain.png
pm1044_00_00_00_big.png	Tadbulb.png
pm1045_00_00_00_big.png	Bellibolt.png
pm1046_00_00_00_big.png	Varoom.png
pm1047_00_00_00_big.png	Revavroom.png
pm1048_00_00_00_big.png	Orthworm.png
pm1049_00_00_00_big.png	Tandemaus.png
pm1050_11_00_00_big.png	Maushold.png
pm1050_12_00_00_big.png	Maushold-Four.png
pm1051_00_00_00_big.png	Cetoddle.png
pm1052_00_00_00_big.png	Cetitan.png
pm1053_00_00_00_big.png	Frigibax.png
pm1054_00_00_00_big.png	Arctibax.png
pm1055_00_00_00_big.png	Baxcalibur.png
pm1056_11_00_00_big.png	Tatsugiri.png
pm1056_12_00_00_big.png	Tatsugiri-Droopy.png
pm1056_13_00_00_big.png	Tatsugiri-Stretchy.png
pm1057_00_00_00_big.png	Cyclizar.png
pm1058_00_00_00_big.png	Pawmi.png
pm1059_00_00_00_big.png	Pawmo.png
pm1060_00_00_00_big.png	Pawmot.png
pm1061_00_00_00_big.png	Wattrel.png
pm1062_00_00_00_big.png	Kilowattrel.png
pm1063_00_00_00_big.png	Bombirdier.png
pm1064_11_00_00_big.png	Squawkabilly.png
pm1064_11_00_01_big.png	Squawkabilly-Blue.png
pm1064_11_00_02_big.png	Squawkabilly-Yellow.png
pm1064_11_00_03_big.png	Squawkabilly-White.png
pm1065_00_00_00_big.png	Flamigo.png
pm1066_00_00_00_big.png	Klawf.png
pm1067_00_00_00_big.png	Nacli.png
pm1068_00_00_00_big.png	Naclstack.png
pm1069_00_00_00_big.png	Garganacl.png
pm1070_00_00_00_big.png	Glimmet.png
pm1071_00_00_00_big.png	Glimmora.png
pm1072_00_00_00_big.png	Shroodle.png
pm1073_00_00_00_big.png	Grafaiai.png
pm1074_00_00_00_big.png	Fidough.png
pm1075_00_00_00_big.png	Dachsbun.png
pm1076_00_00_00_big.png	Maschiff.png
pm1077_00_00_00_big.png	Mabosstiff.png
pm1078_00_00_00_big.png	Bramblin.png
pm1079_00_00_00_big.png	Brambleghast.png
pm1080_11_00_00_big.png	Gimmighoul.png
pm1080_12_00_00_big.png	Gimmighoul-Roaming.png
pm1081_00_00_00_big.png	Gholdengo.png
pm1082_00_00_00_big.png	Great-Tusk.png
pm1083_00_00_00_big.png	Brute-Bonnet.png
pm1084_00_00_00_big.png	Walking-Wake.png
pm1085_00_00_00_big.png	Sandy-Shocks.png
pm1086_00_00_00_big.png	Scream-Tail.png
pm1087_00_00_00_big.png	Flutter-Mane.png
pm1088_00_00_00_big.png	Slither-Wing.png
pm1089_00_00_00_big.png	Roaring-Moon.png
pm1090_00_00_00_big.png	Iron-Treads.png
pm1091_00_00_00_big.png	Iron-Leaves.png
pm1092_00_00_00_big.png	Iron-Moth.png
pm1093_00_00_00_big.png	Iron-Hands.png
pm1094_00_00_00_big.png	Iron-Jugulis.png
pm1095_00_00_00_big.png	Iron-Thorns.png
pm1096_00_00_00_big.png	Iron-Bundle.png
pm1097_00_00_00_big.png	Iron-Valiant.png
pm1098_00_00_00_big.png	Ting-Lu.png
pm1099_00_00_00_big.png	Chien-Pao.png
pm1100_00_00_00_big.png	Wo-Chien.png
pm1101_00_00_00_big.png	Chi-Yu.png
pm1102_11_00_00_big.png	Koraidon.png
pm1102_12_00_00_big.png	Koraidon-Sprinting-Build.png
pm1103_11_00_00_big.png	Miraidon.png
pm1103_12_00_00_big.png	Miraidon-Drive-Mode.png
pm1104_00_00_00_big.png	Tinkatink.png
pm1105_00_00_00_big.png	Tinkatuff.png
pm1106_00_00_00_big.png	Tinkaton.png
pm1107_00_00_00_big.png	Charcadet.png
pm1108_00_00_00_big.png	Armarouge.png
pm1109_00_00_00_big.png	Ceruledge.png
pm1110_00_00_00_big.png	Toedscool.png
pm1111_00_00_00_big.png	Toedscruel.png
pm1112_00_00_00_big.png	Kingambit.png
pm1113_00_51_00_big.png	Clodsire.png
pm1114_00_00_00_big.png	Annihilape.png
pm1120_11_00_00_big.png	Ogerpon.png
pm1120_12_00_01_big.png	Ogerpon-Wellspring.png
pm1120_13_00_02_big.png	Ogerpon-Hearthflame.png
pm1120_14_00_03_big.png	Ogerpon-Cornerstone.png
pm1120_15_00_00_big.png	Ogerpon-Teal-Tera.png
pm1120_16_00_01_big.png	Ogerpon-Wellspring-Tera.png
pm1121_00_00_00_big.png	Dipplin.png
pm1122_00_00_00_big.png	Hydrapple.png
pm1123_00_00_00_big.png	Okidogi.png
pm1124_00_00_00_big.png	Munkidori.png
pm1125_00_00_00_big.png	Fezandipiti.png
pm1126_00_00_00_big.png	Gouging-Fire.png
pm1127_00_00_00_big.png	Raging-Bolt.png
pm1128_00_00_00_big.png	Iron-Crown.png
pm1129_00_00_00_big.png	Iron-Boulder.png
pm1130_11_00_00_big.png	Terapagos.png
pm1130_12_00_00_big.png	Terapagos-Terastal.png
pm1130_13_00_00_big.png	Terapagos-Stellar.png
pm1131_00_00_00_big.png	Pecharunt.png
pm1132_00_00_00_big.png	Archaludon.png
pm1133_11_00_00_big.png	Poltchageist-Counterfeit.png
pm1133_12_00_00_big.png	Poltchageist-Artisan.png
pm1134_11_00_00_big.png	Sinistcha-Unremarkable.png
pm1134_12_00_00_big.png	Sinistcha-Masterpiece.png
